ANIO,OPERADOR_ID,DIAMETRO_PULG,EDAD_ANIOS,PRESION_MAX_PSI,PRESION_INCIDENTE_PSI,RECUBRIMIENTO,CLASE_UBICACION,COSTA_AFUERA,CAUSA,IGNICION,COSTO_USD,GAS_LIBERADO_MPCS,IND_CORROSION_GALVANICA
2010,18516,24.0,58.0,750.0,740.0,ALQUITRAN,2,0,CORROSION,0,334324.0,41176.0,1
2010,31711,26.0,42.0,900.0,833.0,ALQUITRAN,1,0,FALLA DE MATERIAL O SOLDADURA,0,953254.0,91089.0,0
2010,4280,30.0,41.0,845.0,626.0,ALQUITRAN,1,0,FALLA DE MATERIAL O SOLDADURA,0,121194.0,0.0,0
2010,32341,42.0,2.0,1200.0,1005.0,OTRO,1,0,FALLA DE MATERIAL O SOLDADURA,0,682673.0,239.0,0
2010,1007,16.0,64.0,720.0,644.0,ALQUITRAN,1,0,FALLA DE MATERIAL O SOLDADURA,0,57739.0,2535.0,0
2010,12696,16.0,51.0,903.0,783.0,OTRO,1,0,CORROSION,0,660399.0,4101.0,0
2010,31286,26.0,59.0,600.0,549.0,ALQUITRAN,1,0,CORROSION,1,816911.0,42800.0,0
2010,19610,24.0,50.0,1008.0,550.0,ALQUITRAN,1,0,FUERZA NATURAL,0,110769.0,1.0,0
2010,4280,26.0,63.0,825.0,562.0,ALQUITRAN,1,0,CORROSION,0,130269.0,9.0,1
2010,602,4.0,51.0,685.0,615.0,ALQUITRAN,1,0,DANO POR EXCAVACION,0,122026.0,27187.5,0
2010,3,12.75,46.0,909.0,808.0,OTRO,1,0,OTRA CAUSA,0,417963.0,6838.0,0
2010,405,16.0,32.0,1300.0,950.0,OTRO,1,1,CORROSION,0,492434.0,1507.0,0
2010,19160,20.0,40.0,1250.0,740.0,OTRO,1,1,CORROSION,1,343051.0,4266.0,0
2010,18646,6.625,1.0,1200.0,800.0,OTRO,1,1,OTRA FUERZA EXTERNA,0,441939.0,45035.0,0
2010,405,16.0,32.0,1300.0,950.0,OTRO,1,1,CORROSION,0,522865.0,1000.0,0
2010,19160,12.75,37.0,1440.0,750.0,OTRO,1,1,OTRA FUERZA EXTERNA,0,2498009.0,897.0,0
2010,405,12.75,42.0,1300.0,970.0,OTRO,1,1,CORROSION,0,302695.0,4000.0,0
2010,31618,36.0,40.0,1051.0,950.0,OTRO,1,0,DANO POR EXCAVACION,1,761544.0,172000.0,0
2010,31618,12.75,27.0,1250.0,850.0,OTRO,1,1,CORROSION,0,304303.0,3000.0,0
2010,13750,30.0,1.0,1000.0,739.0,OTRO,1,0,OPERACION INCORRECTA,0,155090.0,1000.0,0
2010,31728,30.0,59.0,936.0,780.0,ASFALTO,1,0,FALLA DE MATERIAL O SOLDADURA,0,416580.0,188.0,0
2010,19235,20.0,35.0,1440.0,899.0,OTRO,1,1,CORROSION,0,1046379.0,424.0,0
2010,15931,4.0,45.0,691.0,450.0,CINTA FRIA,1,0,FALLA DE MATERIAL O SOLDADURA,0,536662.0,250000.0,0
2010,32099,36.0,40.0,1050.0,958.0,ASFALTO,1,0,OTRA CAUSA,0,1633679.0,208458.0,0
2010,31728,8.0,70.0,577.0,528.0,OTRO,1,0,OTRA FUERZA EXTERNA,0,115348.0,3110.0,0
2010,19410,12.75,44.0,400.0,35.0,OTRO,1,0,DANO POR EXCAVACION,0,91291.0,0.0,0
2010,18484,26.0,79.0,400.0,376.0,ALQUITRAN,1,0,DANO POR EXCAVACION,0,352933.0,63410.0,0
2010,19160,26.0,20.0,1200.0,740.0,OTRO,1,1,CORROSION,0,982463.0,6.0,0
2010,405,12.75,42.0,1300.0,944.0,ALQUITRAN,1,1,CORROSION,0,1145632.0,50000.0,0
2010,19160,10.75,51.0,1076.0,830.0,OTRO,1,1,FALLA DE MATERIAL O SOLDADURA,1,611658.0,1375.0,0
2010,405,16.0,40.0,1250.0,900.0,OTRO,1,1,CORROSION,0,175424.0,1000.0,0
2010,19235,16.0,40.0,1440.0,950.0,OTRO,1,1,CORROSION,0,505537.0,8040.0,0
2010,13120,26.0,62.0,712.0,629.0,ALQUITRAN,1,0,FALLA DE MATERIAL O SOLDADURA,0,180668.0,1.0,0
2010,2616,20.0,82.0,288.0,284.0,SIN RECUBRIMIENTO,1,0,CORROSION,0,409171.0,23500.0,1
2010,15007,30.0,54.0,400.0,386.0,ASFALTO,3,0,FALLA DE MATERIAL O SOLDADURA,1,679471182.0,47600.0,0
2010,19235,20.0,41.0,1440.0,900.0,OTRO,1,1,CORROSION,0,367025.0,400.0,0
2010,18516,6.625,55.0,990.0,811.0,ALQUITRAN,1,0,DANO POR EXCAVACION,0,43210.0,7153.0,0
2010,405,16.0,32.0,1300.0,875.0,OTRO,1,1,CORROSION,0,247239.0,2000.0,0
2010,4070,12.75,60.0,823.0,744.0,OTRO,3,0,FALLA DE MATERIAL O SOLDADURA,0,70748.0,50.0,0
2010,4070,12.75,60.0,823.0,744.0,OTRO,1,0,FALLA DE MATERIAL O SOLDADURA,0,73791.0,50.0,0
2010,19235,20.0,35.0,1440.0,960.0,OTRO,1,1,CORROSION,0,789616.0,400.0,0
2010,19570,20.0,51.0,1170.0,810.0,ASFALTO,1,0,FALLA DE MATERIAL O SOLDADURA,0,724241.0,10.0,0
2010,15007,12.0,58.0,408.0,402.0,ALQUITRAN,1,0,DANO POR EXCAVACION,0,81769.0,12000.0,0
2010,32513,8.0,44.0,400.0,385.0,ALQUITRAN,1,0,DANO POR EXCAVACION,0,207415.0,48299.0,0
2010,31728,20.0,61.0,550.0,546.0,ALQUITRAN,1,0,FALLA DE MATERIAL O SOLDADURA,0,156142.0,24320.0,0
2010,10035,8.0,61.0,695.0,498.0,ALQUITRAN,1,0,DANO POR EXCAVACION,0,20289.0,2770.0,0
2010,31618,20.0,52.0,935.0,850.0,ALQUITRAN,1,0,DANO POR EXCAVACION,0,146695.0,9736.0,0
2010,405,8.625,54.0,1090.0,775.0,ALQUITRAN,1,0,CORROSION,0,78583.0,1000.0,0
2010,22655,8.625,49.0,700.0,650.0,ALQUITRAN,1,0,DANO POR EXCAVACION,0,38937.0,5230.0,0
2010,22175,12.0,42.0,1300.0,920.0,OTRO,1,1,CORROSION,0,211761.0,640.0,0
2010,405,10.75,43.0,1300.0,100.0,OTRO,1,1,CORROSION,0,87980.0,10.0,0
2010,19160,36.0,36.0,1200.0,810.0,OTRO,1,1,FALLA DE MATERIAL O SOLDADURA,0,730951.0,1.0,0
2010,19160,30.0,62.0,750.0,671.0,ALQUITRAN,1,0,FALLA DE MATERIAL O SOLDADURA,0,105438.0,14980.0,0
2010,13710,12.0,41.0,1654.0,1429.0,ALQUITRAN,1,0,CORROSION,1,2511486.0,10201.0,0
2010,18646,16.0,34.0,1200.0,775.0,OTRO,1,1,CORROSION,0,375808.0,1.0,0
2010,15007,6.0,25.0,650.0,250.0,ASFALTO,1,0,DANO POR EXCAVACION,0,99811.0,8500.0,0
2010,2564,20.0,63.0,920.0,808.0,ALQUITRAN,1,0,FALLA DE MATERIAL O SOLDADURA,0,126966.0,313870.0,0
2010,12576,20.0,0.0,200.0,182.0,OTRO,3,0,OTRA FUERZA EXTERNA,0,189015.0,1897.0,0
2010,19160,24.0,63.0,750.0,717.0,ALQUITRAN,1,0,CORROSION,0,472989.0,69908.0,0
2010,22655,8.625,30.0,918.0,626.0,CINTA FRIA,1,0,DANO POR EXCAVACION,1,564787.0,3910.0,0
2010,18532,10.75,0.0,650.0,320.0,OTRO,3,0,DANO POR EXCAVACION,0,249635.0,10.0,0
2010,19235,20.0,35.0,1440.0,762.0,OTRO,1,1,CORROSION,0,802937.0,424.0,0
2010,602,6.0,51.0,800.0,632.0,ASFALTO,1,0,CORROSION,0,210740.0,31653.0,1
2011,19160,26.0,43.0,1200.0,777.0,ALQUITRAN,1,0,CORROSION,0,910402.0,1.0,0
2011,602,12.75,67.0,500.0,295.0,SIN RECUBRIMIENTO,1,0,FUERZA NATURAL,0,225949.0,52874.0,0
2011,12576,22.0,64.0,720.0,679.0,OTRO,1,0,DANO POR EXCAVACION,0,150588.0,841.0,0
2011,19160,26.0,43.0,1200.0,833.0,ALQUITRAN,1,0,CORROSION,0,1425798.0,1.0,0
2011,5304,24.0,52.0,975.0,717.0,OTRO,1,0,FALLA DE MATERIAL O SOLDADURA,0,588704.0,53.0,0
2011,19160,30.0,36.0,1250.0,900.0,ALQUITRAN,1,1,CORROSION,0,993300.0,1.0,0
2011,30769,16.0,63.0,250.0,222.0,ALQUITRAN,3,0,FUERZA NATURAL,0,67077.0,3913.0,0
2011,19160,36.0,48.0,790.0,733.0,ALQUITRAN,1,0,FALLA DE MATERIAL O SOLDADURA,1,3391703.0,62374.0,0
2011,602,16.0,48.0,1000.0,864.0,OTRO,1,0,OTRA CAUSA,0,179591.0,770.0,0
2011,18516,24.0,63.0,500.0,290.0,ALQUITRAN,1,0,FALLA DE MATERIAL O SOLDADURA,0,201985.0,2100.0,0
2011,31618,8.625,30.0,1318.0,1100.0,OTRO,1,0,DANO POR EXCAVACION,0,19306.0,3120.0,0
2011,19160,26.0,61.0,790.0,709.0,ALQUITRAN,1,0,FALLA DE MATERIAL O SOLDADURA,0,395861.0,29745.0,0
2011,31618,20.0,49.0,1045.0,145.0,OTRO,1,0,OTRA CAUSA,0,3067643.0,1000.0,0
2011,5304,2.0,45.0,975.0,960.0,OTRO,1,0,DANO POR EXCAVACION,0,80455.0,3524.0,0
2011,19160,26.0,61.0,790.0,678.0,ALQUITRAN,2,0,FALLA DE MATERIAL O SOLDADURA,0,230770.0,1000.0,0
2011,6640,6.625,47.0,480.0,400.0,OTRO,1,0,FUERZA NATURAL,0,203521.0,5500.0,0
2011,405,12.75,43.0,1300.0,250.0,ALQUITRAN,1,1,CORROSION,0,552009.0,2000.0,0
2011,13750,6.0,44.0,796.0,700.0,OTRO,1,0,DANO POR EXCAVACION,0,268325.0,4114.0,0
2011,31712,30.0,3.0,999.0,803.0,OTRO,1,0,FALLA DE MATERIAL O SOLDADURA,0,313294.0,63.5,0
2011,13845,24.0,19.0,850.0,713.0,OTRO,1,0,FALLA DE MATERIAL O SOLDADURA,0,160632.0,1920.0,0
2011,15105,6.625,30.0,1875.0,1639.0,OTRO,1,0,CORROSION,0,143078.0,45000.0,0
2011,31618,20.0,61.0,575.0,538.0,ALQUITRAN,1,0,FALLA DE MATERIAL O SOLDADURA,0,104297.0,14395.0,0
2011,19730,16.0,33.0,1440.0,840.0,ALQUITRAN,1,0,CORROSION,0,2220562.0,5000.0,0
2011,19160,16.0,50.0,1069.0,700.0,ALQUITRAN,1,1,FALLA DE MATERIAL O SOLDADURA,0,381007.0,675.0,0
2011,31978,12.75,59.0,500.0,348.0,ALQUITRAN,2,0,DANO POR EXCAVACION,0,100651.0,1059.0,0
2011,15007,16.0,69.0,510.0,360.0,ASFALTO,1,0,DANO POR EXCAVACION,0,77696.0,2000.0,0
2011,22175,12.0,43.0,1300.0,920.0,OTRO,1,1,CORROSION,0,205710.0,1320.0,0
2011,19160,30.0,36.0,1250.0,247.0,ALQUITRAN,1,1,CORROSION,0,941929.0,1000.0,0
2011,2616,8.625,57.0,1215.0,966.0,ALQUITRAN,1,0,CORROSION,0,197016.0,55629.0,0
2011,18484,18.0,67.0,650.0,590.0,ALQUITRAN,1,0,DANO POR EXCAVACION,0,256743.0,3270.0,0
2011,32487,30.0,1.0,1440.0,1340.0,OTRO,1,0,FALLA DE MATERIAL O SOLDADURA,0,7858746.0,50555.0,0
2011,4280,4.5,59.0,845.0,650.0,ALQUITRAN,2,0,DANO POR EXCAVACION,0,207170.0,18341.0,0
2011,4280,30.0,58.0,845.0,740.0,OTRO,1,0,FALLA DE MATERIAL O SOLDADURA,0,484112.0,81475.0,0
2011,32296,22.0,42.0,1182.0,920.0,ALQUITRAN,1,1,CORROSION,0,296672.0,2000.0,0
2011,19160,12.75,37.0,1250.0,868.0,ALQUITRAN,1,1,CORROSION,0,325758.0,45.0,0
2011,31711,12.0,24.0,450.0,371.0,CINTA FRIA,1,0,DANO POR EXCAVACION,0,188749.0,17700.0,0
2011,19160,26.0,43.0,1200.0,100.0,OTRO,1,1,CORROSION,0,1345569.0,4.0,0
2011,9011,6.625,36.0,1186.0,760.0,OTRO,2,0,OTRA FUERZA EXTERNA,0,50399.0,5311.0,0
2011,2196,6.0,50.0,565.0,450.0,OTRO,3,0,FUERZA NATURAL,0,616030.0,11666.0,0
2011,15007,12.0,81.0,350.0,323.0,ASFALTO,1,0,DANO POR EXCAVACION,0,71604.0,1500.0,0
2011,19160,26.0,63.0,750.0,708.0,ALQUITRAN,1,0,DANO POR EXCAVACION,0,122209.0,50000.0,0
2011,15007,16.0,50.0,450.0,341.0,ASFALTO,3,0,CORROSION,0,2385601.0,11.0,1
2011,31286,4.0,37.0,180.0,160.0,ALQUITRAN,1,0,DANO POR EXCAVACION,0,87588.0,4106.0,0
2011,19570,26.0,43.0,1250.0,805.0,OTRO,1,0,CORROSION,0,908024.0,225.0,0
2011,13750,6.625,44.0,975.0,528.0,OTRO,1,0,DANO POR EXCAVACION,0,91422.0,1700.0,0
2011,2364,20.0,63.0,200.0,191.0,ALQUITRAN,3,0,DANO POR EXCAVACION,0,78940.0,11917.0,0
2011,19610,30.0,51.0,1008.0,636.0,ALQUITRAN,1,0,CORROSION,0,383076.0,1.0,1
2011,19570,36.0,47.0,800.0,783.0,ASFALTO,1,0,CORROSION,1,9091604.0,61700.0,1
2011,19160,36.0,48.0,790.0,761.0,ALQUITRAN,1,0,FUERZA NATURAL,1,2099025.0,79000.0,0
2011,31618,20.0,49.0,612.0,847.0,ALQUITRAN,1,0,FALLA DE EQUIPO,0,213664.0,21566.0,0
2011,31371,10.0,54.0,860.0,533.0,ALQUITRAN,3,0,CORROSION,0,172573.0,2.85,1
2011,19160,20.0,34.0,1373.0,771.0,OTRO,1,1,CORROSION,0,446460.0,1.0,0
2011,2616,8.0,46.0,135.0,130.0,ALQUITRAN,1,0,DANO POR EXCAVACION,0,38575.0,15581.0,0
2012,2620,30.0,47.0,1008.0,909.0,ALQUITRAN,1,0,FUERZA NATURAL,1,1692789.0,206923.0,0
2012,11032,16.0,20.0,300.0,180.0,OTRO,3,0,CORROSION,0,277176.0,16.0,0
2012,405,22.0,63.0,850.0,784.0,ALQUITRAN,2,0,FALLA DE MATERIAL O SOLDADURA,0,428771.0,800.0,0
2012,18516,12.75,54.0,1100.0,770.0,OTRO,1,1,CORROSION,0,391619.0,1.0,0
2012,19160,20.0,35.0,1373.0,704.0,OTRO,1,1,CORROSION,0,335190.0,935.0,0
2012,19160,20.0,35.0,1373.0,741.0,OTRO,1,1,CORROSION,0,348912.0,368.0,0
2012,405,22.0,56.0,858.0,834.0,CINTA FRIA,1,0,FALLA DE MATERIAL O SOLDADURA,0,891395.0,500.0,0
2012,5304,30.0,46.0,976.0,965.0,OTRO,1,0,CORROSION,0,550122.0,2250.0,1
2012,19160,24.0,37.0,1250.0,914.0,ALQUITRAN,1,1,FALLA DE MATERIAL O SOLDADURA,0,1376507.0,413.0,0
2012,405,12.75,42.0,1300.0,762.0,OTRO,1,1,CORROSION,0,280366.0,5000.0,0
2012,19570,36.0,53.0,350.0,273.0,ASFALTO,3,0,OTRA FUERZA EXTERNA,0,351907.0,0.0,0
2012,31978,12.75,60.0,500.0,430.0,ALQUITRAN,1,0,FALLA DE MATERIAL O SOLDADURA,0,120839.0,1020.0,0
2012,31618,20.0,35.0,1100.0,1028.0,OTRO,1,0,DANO POR EXCAVACION,0,60993.0,5000.0,0
2012,19270,16.0,51.0,1288.0,932.0,OTRO,1,0,CORROSION,1,1290222.0,21000.0,0
2012,31613,12.75,41.0,1039.0,792.0,CINTA FRIA,1,0,DANO POR EXCAVACION,0,31520.0,1185.0,0
2012,13750,24.0,55.0,800.0,763.0,ALQUITRAN,1,0,DANO POR EXCAVACION,1,508305.0,46285.0,0
2011,10035,10.75,47.0,1100.0,631.0,CINTA FRIA,1,0,FALLA DE MATERIAL O SOLDADURA,0,184737.0,58433.0,0
2012,19235,20.0,37.0,1440.0,885.0,OTRO,1,1,CORROSION,0,396900.0,400.0,0
2012,32296,12.0,44.0,1300.0,950.0,OTRO,1,1,CORROSION,0,205741.0,1100.0,0
2012,30750,16.0,16.0,960.0,640.0,OTRO,1,0,DANO POR EXCAVACION,1,730281.0,6562.0,0
2012,32296,16.0,55.0,1002.0,1136.0,OTRO,1,0,CORROSION,1,75133.0,26928.0,0
2012,840,6.0,20.0,1200.0,917.0,OTRO,1,0,FALLA DE EQUIPO,0,1298448.0,585457.0,0
2012,13120,26.0,55.0,720.0,694.0,ALQUITRAN,1,0,FALLA DE MATERIAL O SOLDADURA,1,98760.0,34455.0,0
2012,19270,6.625,60.0,1050.0,800.0,OTRO,1,0,OTRA FUERZA EXTERNA,0,32291.0,994.0,0
2012,32296,12.0,44.0,1300.0,950.0,OTRO,1,1,CORROSION,0,208809.0,100.0,0
2012,19160,2.0,3.0,936.0,195.0,OTRO,1,0,FUERZA NATURAL,0,222260.0,6791.0,0
2012,9011,6.625,40.0,1187.0,800.0,ALQUITRAN,2,0,DANO POR EXCAVACION,0,34162.0,7179.0,0
2012,19160,12.75,32.0,999.0,800.0,OTRO,1,1,CORROSION,0,139609.0,100.0,0
2012,32296,12.0,44.0,1300.0,950.0,OTRO,1,1,CORROSION,0,208823.0,100.0,0
2012,31728,2.375,42.0,1000.0,830.0,ALQUITRAN,1,0,FALLA DE MATERIAL O SOLDADURA,0,233420.0,0.0,0
2012,602,18.0,64.0,350.0,278.0,ASFALTO,1,0,DANO POR EXCAVACION,0,55741.0,10300.0,0
2012,15518,12.75,30.0,735.0,620.0,OTRO,3,0,FALLA DE MATERIAL O SOLDADURA,0,284309.0,441.0,0
2012,32005,36.0,33.0,1001.0,770.0,OTRO,1,0,OTRA FUERZA EXTERNA,0,29350038.0,0.0,0
2012,12696,10.0,63.0,360.0,330.0,SIN RECUBRIMIENTO,1,0,OTRA FUERZA EXTERNA,0,102238.0,12350.0,0
2012,19235,20.0,37.0,1440.0,858.0,OTRO,1,1,CORROSION,0,751958.0,400.0,0
2012,19570,16.0,49.0,840.0,820.0,OTRO,1,0,CORROSION,0,368135.0,3971.0,0
2012,19235,16.0,42.0,1440.0,938.0,OTRO,1,1,CORROSION,0,519296.0,1335.0,0
2012,19235,20.0,37.0,1440.0,878.0,OTRO,1,1,CORROSION,0,768715.0,14750.0,0
2012,31978,6.0,14.0,500.0,355.0,OTRO,3,0,DANO POR EXCAVACION,1,737439.0,1500.0,0
2012,32296,16.0,55.0,1002.0,952.0,ALQUITRAN,1,0,CORROSION,0,24850.0,7814.0,0
2012,32296,16.0,55.0,1002.0,1040.0,ALQUITRAN,1,0,CORROSION,1,39986.0,6518.0,0
2012,5304,20.0,53.0,975.0,862.0,ALQUITRAN,1,0,CORROSION,0,104546.0,750.0,1
2012,19235,16.0,42.0,1440.0,931.0,OTRO,1,1,CORROSION,0,312956.0,2074.0,0
2012,31531,6.625,84.0,307.0,132.0,ALQUITRAN,2,0,FALLA DE MATERIAL O SOLDADURA,0,24404.0,3649.0,0
2012,602,3.5,58.0,680.0,545.0,ALQUITRAN,3,0,DANO POR EXCAVACION,0,94266.0,3300.0,0
2012,18152,12.75,42.0,984.0,925.0,OTRO,1,1,CORROSION,0,564787.0,3286.0,0
2012,19235,20.0,37.0,1440.0,858.0,OTRO,1,1,CORROSION,0,1379297.0,400.0,0
2012,15007,8.625,65.0,408.0,318.0,ASFALTO,1,0,DANO POR EXCAVACION,0,114062.0,51000.0,0
2012,15931,8.625,43.0,790.0,752.0,CINTA FRIA,1,0,CORROSION,0,72254.0,3989.0,1
2012,288,6.625,59.0,750.0,575.0,OTRO,3,0,FALLA DE MATERIAL O SOLDADURA,0,61378.0,200.0,0
2012,31968,16.0,59.0,610.0,480.0,ALQUITRAN,1,0,CORROSION,1,522032.0,5212.0,1
2012,15007,12.75,47.0,400.0,370.0,ASFALTO,1,0,DANO POR EXCAVACION,0,421539.0,7010.0,0
2012,15007,6.0,27.0,720.0,412.0,CINTA FRIA,3,0,DANO POR EXCAVACION,0,632339.0,4700.0,0
2012,2616,20.0,45.0,1000.0,929.0,OTRO,2,0,CORROSION,1,4997966.0,76000.0,1
2012,5304,18.0,53.0,866.0,840.0,CINTA FRIA,3,0,OTRA FUERZA EXTERNA,0,681466.0,6004.0,0
2012,5304,20.0,53.0,936.0,927.0,CINTA FRIA,1,0,FALLA DE MATERIAL O SOLDADURA,0,912309.0,293976.0,0
2013,15931,24.0,44.0,350.0,340.0,ALQUITRAN,1,0,DANO POR EXCAVACION,0,219114.0,676.0,0
2013,22655,4.0,51.0,752.0,373.0,ALQUITRAN,1,0,DANO POR EXCAVACION,0,222917.0,751.0,0
2013,22655,2.0,83.0,832.0,696.0,SIN RECUBRIMIENTO,1,0,DANO POR EXCAVACION,0,50202.0,4187.0,0
2013,2620,36.0,34.0,1.0,1.0,OTRO,1,0,FALLA DE MATERIAL O SOLDADURA,0,1409413.0,9.87,0
2013,602,12.75,64.0,500.0,370.0,ALQUITRAN,1,0,CORROSION,0,66621.0,6429.0,1
2013,15518,12.75,54.0,704.0,631.0,ALQUITRAN,1,0,DANO POR EXCAVACION,0,661362.0,25895.0,0
2013,3,20.0,47.0,970.0,790.0,ALQUITRAN,1,0,CORROSION,0,2480728.0,39.0,0
2013,18532,10.75,48.0,604.0,337.0,ALQUITRAN,1,0,DANO POR EXCAVACION,0,157305.0,188.0,0
2013,3,20.0,47.0,970.0,790.0,ALQUITRAN,1,0,CORROSION,0,384149.0,15.0,0
2013,8170,4.0,47.0,275.0,250.0,ALQUITRAN,2,0,DANO POR EXCAVACION,0,272181.0,6000.0,0
2013,19235,20.0,42.0,1440.0,671.0,OTRO,1,1,CORROSION,0,634925.0,360.0,0
2013,31531,16.0,43.0,960.0,661.0,ALQUITRAN,1,0,DANO POR EXCAVACION,0,115301.0,3789.0,0
2013,13750,8.0,47.0,895.0,776.0,ALQUITRAN,1,0,FALLA DE MATERIAL O SOLDADURA,0,256437.0,4057.0,0
2013,792,16.0,42.0,300.0,251.0,OTRO,3,0,DANO POR EXCAVACION,0,76022.0,365.0,0
2013,12696,16.0,67.0,775.0,592.0,ALQUITRAN,1,0,CORROSION,0,70202.0,16.0,0
2013,1007,20.0,59.0,1052.0,845.0,ALQUITRAN,1,0,FALLA DE MATERIAL O SOLDADURA,0,481560.0,75000.0,0
2013,18484,10.0,81.0,400.0,362.0,SIN RECUBRIMIENTO,1,0,DANO POR EXCAVACION,0,336455.0,11300.0,0
2013,405,12.0,34.0,1200.0,846.0,OTRO,1,1,CORROSION,0,331276.0,1000.0,0
2013,32005,6.0,35.0,450.0,350.0,ALQUITRAN,3,0,OTRA FUERZA EXTERNA,0,357760.0,23.0,0
2013,5304,14.0,54.0,750.0,675.0,CINTA FRIA,3,0,FUERZA NATURAL,0,166313.0,1443.2,0
2013,22435,6.0,73.0,397.0,295.0,ALQUITRAN,1,0,DANO POR EXCAVACION,1,920922.0,126.8,0
2013,19235,16.0,38.0,1438.0,964.0,OTRO,1,1,CORROSION,0,920848.0,6409.0,0
2013,1007,12.0,50.0,865.0,815.0,ALQUITRAN,1,0,FALLA DE MATERIAL O SOLDADURA,0,286827.0,6142.0,0
2013,5304,30.0,47.0,975.0,952.0,OTRO,1,0,CORROSION,1,3363675.0,86000.0,0
2013,26330,4.5,33.0,907.0,811.0,ALQUITRAN,1,0,CORROSION,0,82949.0,18950.0,0
2012,15825,8.625,37.0,1066.0,835.0,OTRO,1,0,CORROSION,0,284661.0,866.0,0
2013,13480,6.625,22.0,473.0,450.0,OTRO,2,0,FUERZA NATURAL,0,757762.0,2900.0,0
2013,31728,30.0,61.0,780.0,657.0,OTRO,1,0,FALLA DE MATERIAL O SOLDADURA,0,105730.0,0.0,0
2013,4060,8.625,56.0,1565.0,1483.0,ALQUITRAN,3,0,CORROSION,0,1692388.0,17700.0,0
2013,31130,12.75,29.0,1000.0,815.0,OTRO,1,0,FALLA DE MATERIAL O SOLDADURA,0,179043.0,4200.0,0
2013,12180,10.0,47.0,350.0,185.0,ALQUITRAN,3,0,DANO POR EXCAVACION,1,193777.0,1110.0,0
2013,32099,8.625,40.0,944.0,802.0,ALQUITRAN,1,0,CORROSION,0,123131.0,26765.0,0
2013,19160,24.0,39.0,1250.0,889.0,OTRO,1,1,CORROSION,0,499852.0,2300.0,0
2013,26330,12.0,6.0,1200.0,1120.0,OTRO,1,0,DANO POR EXCAVACION,1,79571.0,5100.0,0
2013,15007,4.0,56.0,500.0,470.0,ASFALTO,3,0,OTRA FUERZA EXTERNA,0,237037.0,3000.0,0
2013,19160,24.0,39.0,1250.0,970.0,OTRO,1,1,CORROSION,0,623300.0,2405.0,0
2013,602,24.0,40.0,1000.0,770.0,ALQUITRAN,1,0,DANO POR EXCAVACION,0,156263.0,12449.0,0
2013,38987,12.75,35.0,1250.0,845.0,OTRO,1,1,CORROSION,0,430661.0,411.0,0
2013,13750,4.0,47.0,800.0,780.0,OTRO,1,0,DANO POR EXCAVACION,0,134556.0,7119.0,0
2013,13750,30.0,59.0,860.0,806.0,ALQUITRAN,1,0,CORROSION,1,256214.0,40000.0,1
2011,18646,16.0,35.0,1200.0,1090.0,OTRO,1,1,CORROSION,0,456368.0,3906.0,0
2011,18646,16.0,40.0,1300.0,900.0,OTRO,1,1,CORROSION,0,219924.0,1100.0,0
2011,18646,20.0,37.0,1200.0,815.0,OTRO,1,1,CORROSION,0,354854.0,80.0,0
2011,18646,20.0,37.0,1200.0,815.0,OTRO,1,1,CORROSION,0,354854.0,80.0,0
2013,15007,16.0,58.0,600.0,585.0,ASFALTO,1,0,DANO POR EXCAVACION,0,154619.0,13798.0,0
2013,31711,26.0,45.0,900.0,817.0,ALQUITRAN,1,0,FALLA DE MATERIAL O SOLDADURA,0,548608.0,0.0,0
2011,18646,12.75,5.0,1349.0,900.0,OTRO,1,1,DANO POR EXCAVACION,0,9696109.0,4093.0,0
2012,18646,16.0,41.0,1300.0,500.0,OTRO,1,1,CORROSION,0,193112.0,124.0,0
2013,18273,12.75,59.0,1233.0,940.0,ALQUITRAN,1,0,FALLA DE MATERIAL O SOLDADURA,0,653478.0,56.0,0
2013,18273,12.75,59.0,1233.0,704.0,ALQUITRAN,1,0,FALLA DE MATERIAL O SOLDADURA,0,7500161.0,302.0,0
2013,32296,12.75,43.0,1240.0,500.0,OTRO,1,1,CORROSION,0,209116.0,750.0,0
2013,18516,8.0,84.0,500.0,460.0,SIN RECUBRIMIENTO,1,0,FALLA DE MATERIAL O SOLDADURA,0,713710.0,25938.0,0
2013,15007,6.0,56.0,313.0,300.0,OTRO,1,0,DANO POR EXCAVACION,0,462335.0,1166.0,0
2013,15105,30.0,51.0,900.0,894.0,ALQUITRAN,1,0,CORROSION,1,2063459.0,150000.0,1
2013,405,4.0,53.0,975.0,817.0,ALQUITRAN,1,0,DANO POR EXCAVACION,0,453308.0,110000.0,0
2013,32296,12.75,43.0,1240.0,500.0,OTRO,1,1,CORROSION,0,238442.0,750.0,0
2013,13845,8.625,57.0,850.0,730.0,ALQUITRAN,1,0,FUERZA NATURAL,0,288136.0,155.42,0
2014,31286,26.0,63.0,600.0,585.0,CINTA FRIA,1,0,CORROSION,1,384653.0,39400.0,0
2014,2616,12.0,2.0,438.0,221.0,OTRO,1,0,FUERZA NATURAL,0,31834.0,7200.0,0
2014,15938,12.75,51.0,375.0,345.0,ALQUITRAN,3,0,DANO POR EXCAVACION,1,870962.0,2786.0,0
2014,19160,24.0,70.0,750.0,617.0,ALQUITRAN,1,0,FALLA DE MATERIAL O SOLDADURA,0,144668.0,2356.0,0
2014,2620,30.0,49.0,1008.0,964.0,OTRO,2,0,FUERZA NATURAL,1,1950536.0,26300.0,0
2014,19270,18.0,74.0,545.0,518.0,ALQUITRAN,1,0,FALLA DE MATERIAL O SOLDADURA,0,121052.0,3501.0,0
2014,32005,8.0,54.0,800.0,753.0,ALQUITRAN,3,0,CORROSION,0,97658.0,7425.0,1
2014,19570,10.75,48.0,1440.0,690.0,OTRO,1,1,CORROSION,0,202415.0,241.0,0
2014,15014,36.0,53.0,911.0,710.0,ASFALTO,2,0,FALLA DE MATERIAL O SOLDADURA,0,630359.0,1.0,0
2014,13750,18.0,68.0,700.0,646.0,ALQUITRAN,1,0,FALLA DE MATERIAL O SOLDADURA,1,3752064.0,37500.0,0
2014,13750,12.75,72.0,380.0,316.0,ALQUITRAN,3,0,FALLA DE MATERIAL O SOLDADURA,0,79234.0,4000.0,0
2014,31728,16.0,90.0,292.0,195.0,ASFALTO,1,0,CORROSION,0,897045.0,415.0,1
2014,15007,16.0,23.0,720.0,680.0,OTRO,3,0,OPERACION INCORRECTA,0,59936.0,0.0,0
2014,31531,20.0,47.0,953.0,943.0,ALQUITRAN,1,0,FALLA DE MATERIAL O SOLDADURA,0,225934.0,45792.0,0
2014,38987,16.0,23.0,1250.0,910.0,OTRO,1,1,CORROSION,0,248033.0,34.0,0
2014,13750,4.0,50.0,960.0,800.0,OTRO,1,0,FUERZA NATURAL,1,411552.0,198000.0,0
2014,19235,30.0,62.0,936.0,846.0,ALQUITRAN,1,0,OPERACION INCORRECTA,1,365542.0,1.0,0
2014,5304,8.625,52.0,975.0,938.0,ALQUITRAN,1,0,FALLA DE MATERIAL O SOLDADURA,0,1590986.0,39797.0,0
2014,31711,20.0,84.0,594.0,586.0,ALQUITRAN,1,0,CORROSION,0,249134.0,0.0,1
2014,21252,24.0,54.0,877.0,828.0,CINTA FRIA,1,0,FALLA DE MATERIAL O SOLDADURA,1,549283.0,66500.0,0
2014,32262,20.0,42.0,960.0,750.0,OTRO,2,0,DANO POR EXCAVACION,0,342932.0,3964.0,0
2014,32262,20.0,6.0,1125.0,450.0,OTRO,2,0,OPERACION INCORRECTA,1,4897334.0,2484.0,0
2014,18156,8.0,46.0,1320.0,769.0,CINTA FRIA,1,0,FALLA DE MATERIAL O SOLDADURA,0,93627.0,3554.0,0
2014,18484,10.0,66.0,400.0,381.0,ASFALTO,1,0,DANO POR EXCAVACION,0,399227.0,26280.0,0
2014,405,10.75,8.0,1300.0,775.0,OTRO,1,1,CORROSION,0,274982.0,1.0,0
2014,31618,36.0,44.0,1051.0,904.0,OTRO,1,0,DANO POR EXCAVACION,0,464867.0,17.62,0
2014,31728,16.0,84.0,423.0,265.0,ALQUITRAN,1,0,DANO POR EXCAVACION,0,52992.0,7238.0,0
2014,31711,20.0,25.0,200.0,185.0,CINTA FRIA,3,0,CORROSION,0,1125711.0,0.0,0
2014,4280,30.0,64.0,809.0,670.0,ALQUITRAN,1,0,FALLA DE MATERIAL O SOLDADURA,0,143968.0,2174.0,0
2014,15007,6.0,52.0,500.0,475.0,ASFALTO,3,0,DANO POR EXCAVACION,0,71236.0,1258.3,0
2014,18408,3.0,21.0,946.0,600.0,OTRO,1,0,OTRA FUERZA EXTERNA,0,122155.0,1027.0,0
2014,31286,24.0,40.0,500.0,430.0,ALQUITRAN,1,0,FALLA DE MATERIAL O SOLDADURA,0,168255.0,8662.0,0
2014,31711,3.0,37.0,150.0,139.0,ALQUITRAN,1,0,DANO POR EXCAVACION,0,19556.0,1760.0,0
2014,13750,4.0,53.0,800.0,650.0,ALQUITRAN,1,0,DANO POR EXCAVACION,0,113664.0,407.0,0
2014,19570,26.0,45.0,1440.0,697.0,OTRO,1,1,CORROSION,0,684557.0,0.1,0
2014,405,22.0,54.0,850.0,805.0,ALQUITRAN,1,0,FALLA DE MATERIAL O SOLDADURA,0,5197611.0,99800.0,0
2014,32099,8.625,40.0,945.0,870.0,ALQUITRAN,1,0,CORROSION,0,126747.0,35648.0,0
2014,19570,26.0,45.0,1440.0,658.0,OTRO,1,1,CORROSION,0,517971.0,75.0,0
2014,12576,26.0,46.0,720.0,575.0,ALQUITRAN,1,0,DANO POR EXCAVACION,0,216192.0,11127.0,0
2014,12696,10.75,68.0,450.0,334.0,SIN RECUBRIMIENTO,1,0,OTRA CAUSA,0,1128411.0,331.0,0
2014,15105,22.0,83.0,475.0,441.0,ALQUITRAN,1,0,FALLA DE MATERIAL O SOLDADURA,1,1075114.0,28670.0,0
2014,38987,20.0,35.0,1250.0,660.0,ALQUITRAN,1,1,CORROSION,0,309638.0,110.0,0
2014,38987,20.0,35.0,1250.0,400.0,ALQUITRAN,1,1,CORROSION,0,32154.0,9.0,0
2014,38987,12.75,33.0,1250.0,810.0,ALQUITRAN,1,1,CORROSION,0,682043.0,200.0,0
2014,15007,34.0,60.0,757.0,640.0,ASFALTO,1,0,DANO POR EXCAVACION,0,886131.0,92000.0,0
2014,31531,12.0,46.0,953.0,840.0,ALQUITRAN,1,0,CORROSION,0,168328.0,38.0,1
2014,2616,24.0,46.0,750.0,454.0,ALQUITRAN,1,0,CORROSION,0,372731.0,2.0,0
2014,15007,24.0,70.0,300.0,285.0,ASFALTO,3,0,CORROSION,0,229857.0,0.0,0
2014,22655,12.0,47.0,500.0,427.0,ALQUITRAN,1,0,DANO POR EXCAVACION,0,32326.0,5904.0,0
2014,18516,3.5,54.0,1078.0,935.0,ALQUITRAN,1,0,DANO POR EXCAVACION,0,54095.0,321.0,0
2014,602,4.0,56.0,175.0,116.0,ALQUITRAN,1,0,DANO POR EXCAVACION,0,73369.0,2820.0,0
2014,602,24.0,47.0,1000.0,935.0,ASFALTO,2,0,FALLA DE MATERIAL O SOLDADURA,0,307954.0,3043.0,0
2014,19235,16.0,39.0,1440.0,680.0,OTRO,1,1,OTRA FUERZA EXTERNA,0,2361247.0,223.0,0
2014,2620,12.0,60.0,1110.0,812.0,ALQUITRAN,1,0,OTRA FUERZA EXTERNA,0,896596.0,153.0,0
2014,19570,16.0,55.0,1440.0,740.0,OTRO,1,1,CORROSION,0,336383.0,50.0,0
2014,18484,10.75,59.0,771.0,640.0,ALQUITRAN,1,0,DANO POR EXCAVACION,0,196225.0,36589.0,0
2014,405,20.0,49.0,1050.0,905.0,ALQUITRAN,1,1,FALLA DE MATERIAL O SOLDADURA,0,626149.0,2500.0,0
2014,18152,26.0,44.0,1250.0,852.0,OTRO,1,1,CORROSION,0,461657.0,4469.0,0
2014,18152,26.0,44.0,1250.0,852.0,OTRO,1,1,CORROSION,0,514058.0,33.1,0
2014,15007,6.625,86.0,400.0,380.0,ASFALTO,1,0,CORROSION,0,112824.0,0.01,0
2015,38987,20.0,41.0,1273.0,675.0,ALQUITRAN,1,1,FALLA DE MATERIAL O SOLDADURA,0,280232.0,120.0,0
2015,31728,30.0,63.0,920.0,767.0,ALQUITRAN,1,0,FALLA DE MATERIAL O SOLDADURA,1,800824.0,51085.0,0
2015,32163,42.0,7.0,1480.0,1296.0,OTRO,1,0,FALLA DE MATERIAL O SOLDADURA,0,2527713.0,181000.0,0
2014,31594,12.75,63.0,525.0,447.0,ALQUITRAN,1,1,FALLA DE MATERIAL O SOLDADURA,1,630404.0,327400.0,0
2015,19160,24.0,71.0,750.0,705.0,OTRO,1,0,FALLA DE MATERIAL O SOLDADURA,0,310249.0,3664.1,0
2015,15007,10.0,56.0,313.0,264.0,ASFALTO,3,0,DANO POR EXCAVACION,0,515648.0,3784.0,0
2015,207,16.0,41.0,1050.0,780.0,OTRO,1,0,FALLA DE MATERIAL O SOLDADURA,0,75823.0,1300.0,0
2015,31728,14.0,84.0,419.0,375.0,ASFALTO,1,0,CORROSION,0,221294.0,10.0,1
2015,31286,24.0,39.0,800.0,570.0,ALQUITRAN,1,0,DANO POR EXCAVACION,0,101990.0,201.0,0
2015,31978,12.75,33.0,500.0,332.0,ALQUITRAN,3,0,DANO POR EXCAVACION,0,79553.0,5793.0,0
2015,38987,26.0,45.0,1247.0,744.0,ALQUITRAN,1,0,CORROSION,0,254997.0,180.0,0
2015,4060,24.0,49.0,675.0,545.0,ALQUITRAN,1,0,FALLA DE MATERIAL O SOLDADURA,0,91537.0,774.0,0
2015,15931,8.625,53.0,790.0,620.0,OTRO,1,0,DANO POR EXCAVACION,0,23581.0,4430.0,0
2015,18516,10.75,40.0,1085.0,845.0,OTRO,1,0,OTRA CAUSA,0,81158.0,41.0,0
2015,13120,30.0,47.0,712.0,708.0,ASFALTO,1,0,FALLA DE MATERIAL O SOLDADURA,1,422064.0,108000.0,0
2015,405,12.0,45.0,1300.0,1176.0,OTRO,1,1,CORROSION,0,347117.0,1.0,0
2015,15007,10.75,78.0,796.0,670.0,ASFALTO,1,0,DANO POR EXCAVACION,0,97144.0,1.0,0
2014,18536,16.0,58.0,515.0,492.0,ALQUITRAN,1,0,DANO POR EXCAVACION,0,86793.0,21963.0,0
2015,15007,12.0,53.0,400.0,369.0,CINTA FRIA,3,0,DANO POR EXCAVACION,1,6654366.0,7200.0,0
2015,2616,14.0,67.0,936.0,795.0,SIN RECUBRIMIENTO,2,0,FALLA DE MATERIAL O SOLDADURA,0,10924.0,4830.0,0
2015,38987,12.75,45.0,1250.0,1010.0,ALQUITRAN,1,1,CORROSION,0,211982.0,500.0,0
2015,19270,8.625,48.0,543.0,477.0,ALQUITRAN,1,0,DANO POR EXCAVACION,0,158065.0,1651.0,0
2015,2748,20.0,66.0,780.0,747.0,OTRO,1,0,FALLA DE MATERIAL O SOLDADURA,0,5952106.0,48000.0,0
2015,15007,3.0,72.0,245.0,236.0,ASFALTO,3,0,FALLA DE MATERIAL O SOLDADURA,0,178414.0,0.01,0
2015,18516,6.625,85.0,500.0,500.0,ALQUITRAN,1,0,FALLA DE MATERIAL O SOLDADURA,0,92924.0,5.0,0
2015,405,12.0,48.0,1250.0,866.0,OTRO,1,1,CORROSION,0,427039.0,1.0,0
2015,11272,8.0,35.0,600.0,510.0,ALQUITRAN,1,1,CORROSION,0,63116.0,350.0,0
2015,13750,3.5,85.0,250.0,214.0,SIN RECUBRIMIENTO,1,0,CORROSION,0,72287.0,461.0,1
2015,26330,16.0,45.0,960.0,450.0,ALQUITRAN,1,0,FUERZA NATURAL,0,3109013.0,3441.2,0
2015,19235,24.0,63.0,811.0,700.0,OTRO,1,0,FUERZA NATURAL,0,1147410.0,3858.0,0
2015,19160,26.0,67.0,750.0,674.0,ALQUITRAN,1,0,FALLA DE MATERIAL O SOLDADURA,0,81706.0,115.0,0
2015,19570,24.0,52.0,1200.0,1141.0,ALQUITRAN,1,0,FALLA DE MATERIAL O SOLDADURA,0,752661.0,96379.0,0
2015,32335,12.0,43.0,893.0,619.0,OTRO,1,0,FUERZA NATURAL,0,788666.0,4000.0,0
2015,31618,8.625,35.0,1300.0,870.0,OTRO,1,1,CORROSION,0,638035.0,4680.0,0
2015,13120,36.0,48.0,858.0,659.1,ASFALTO,1,0,OTRA CAUSA,0,286623.0,4390.0,0
2015,19160,24.0,71.0,750.0,665.0,ALQUITRAN,1,0,CORROSION,0,177620.0,1.0,1
2015,9171,20.0,25.0,99.0,50.0,OTRO,3,0,OTRA CAUSA,0,1672127.0,5.0,0
2015,405,24.0,65.0,650.0,634.0,OTRO,1,0,FALLA DE MATERIAL O SOLDADURA,0,4341717.0,16012.0,0
2015,31978,6.625,31.0,400.0,315.0,ALQUITRAN,1,0,OTRA CAUSA,0,1179726.0,3700.0,0
2015,32513,8.0,19.0,720.0,377.7,OTRO,3,0,DANO POR EXCAVACION,0,103570.0,9180.0,0
2015,19235,16.0,39.0,1440.0,898.0,OTRO,1,1,CORROSION,0,147684.0,2111.0,0
2015,18516,3.5,55.0,1082.0,1028.0,ALQUITRAN,1,0,DANO POR EXCAVACION,0,48633.0,915.0,0
2015,31728,0.5,63.0,780.0,622.0,ASFALTO,3,0,DANO POR EXCAVACION,0,62002.0,1069.0,0
2015,19160,16.0,68.0,903.0,827.0,ALQUITRAN,2,0,FALLA DE MATERIAL O SOLDADURA,0,167779.0,50740.0,0
2015,38987,16.0,24.0,1250.0,880.0,OTRO,1,1,CORROSION,0,299151.0,30.0,0
2015,18152,10.0,43.0,1200.0,958.0,ALQUITRAN,1,1,CORROSION,0,244274.0,6881.0,0
2015,2616,20.0,16.0,374.0,172.0,OTRO,1,0,FUERZA NATURAL,0,388626.0,9072.0,0
2015,4280,8.0,56.0,793.0,539.0,ALQUITRAN,1,0,DANO POR EXCAVACION,0,44519.0,3550.0,0
2015,19270,26.0,66.0,810.0,766.0,ALQUITRAN,1,0,FALLA DE MATERIAL O SOLDADURA,0,480349.0,42100.0,0
2015,31728,6.0,84.0,490.0,370.0,ALQUITRAN,1,0,DANO POR EXCAVACION,0,67256.0,7820.0,0
2015,19235,20.0,44.0,1440.0,900.0,OTRO,1,1,CORROSION,0,414799.0,65.0,0
2015,38987,20.0,45.0,999.0,726.0,OTRO,1,1,CORROSION,0,357501.0,260.0,0
2015,31728,10.75,49.0,2160.0,2100.0,ALQUITRAN,1,0,CORROSION,0,187463.0,21822.0,0
2015,31531,8.0,85.0,428.0,350.0,ALQUITRAN,1,0,CORROSION,0,233770.0,3624.0,1
2015,32296,8.625,38.0,1440.0,820.0,OTRO,1,1,CORROSION,0,549425.0,400.0,0
2015,2616,2.0,65.0,140.0,119.0,SIN RECUBRIMIENTO,1,0,OTRA FUERZA EXTERNA,0,10059.0,883.0,0
2015,22476,8.0,41.0,394.0,380.0,OTRO,1,0,DANO POR EXCAVACION,0,192839.0,16500.0,0
2015,31618,16.0,42.0,685.0,590.0,ALQUITRAN,4,0,OTRA CAUSA,0,692109.0,0.1,0
2015,31531,12.75,47.0,953.0,877.0,ALQUITRAN,1,0,CORROSION,0,255560.0,48641.0,1
2015,15007,6.0,66.0,125.0,118.0,OTRO,1,0,DANO POR EXCAVACION,0,334406.0,2655.0,0
2015,38987,10.75,42.0,1200.0,975.0,OTRO,1,1,CORROSION,0,145634.0,450.0,0
2015,19235,24.0,61.0,973.0,691.0,ALQUITRAN,1,0,FALLA DE MATERIAL O SOLDADURA,0,170805.0,1.0,0
2015,13750,10.0,53.0,800.0,502.0,ALQUITRAN,1,0,DANO POR EXCAVACION,0,128763.0,4000.0,0
2015,1217,10.75,34.0,3100.0,2689.0,ALQUITRAN,1,0,CORROSION,0,59045.0,107.0,0
2015,15007,34.0,61.0,757.0,660.0,ASFALTO,1,0,DANO POR EXCAVACION,1,2771252.0,67000.0,0
2015,15033,8.0,28.0,520.0,502.0,OTRO,3,0,OTRA FUERZA EXTERNA,0,478738.0,625.0,0
2015,31711,4.0,57.0,90.0,70.0,OTRO,1,0,FUERZA NATURAL,0,311591.0,739.0,0
2015,19235,30.0,63.0,936.0,763.0,ALQUITRAN,1,0,FALLA DE MATERIAL O SOLDADURA,0,127518.0,10.0,0
2016,31846,10.0,58.0,500.0,474.0,CINTA FRIA,1,0,OTRA FUERZA EXTERNA,0,57909.0,5270.0,0
2015,602,20.0,29.0,1000.0,853.0,ALQUITRAN,1,0,FUERZA NATURAL,0,659457.0,46086.0,0
2016,31978,30.0,49.0,958.0,866.0,ALQUITRAN,1,0,DANO POR EXCAVACION,1,3462267.0,195573.0,0
2016,15007,34.0,66.0,688.0,546.0,ASFALTO,1,0,FALLA DE MATERIAL O SOLDADURA,0,144688.0,0.0,0
2016,30629,6.625,36.0,500.0,68.0,OTRO,3,0,CORROSION,0,188343.0,5.0,0
2016,30782,12.75,49.0,1100.0,750.0,OTRO,1,0,CORROSION,0,160169.0,10.0,0
2016,38987,16.0,46.0,1200.0,725.0,OTRO,1,1,CORROSION,0,89399.0,500.0,0
2016,19235,36.0,51.0,936.0,843.0,ALQUITRAN,1,0,FALLA DE MATERIAL O SOLDADURA,0,172158.0,32.0,0
2016,19235,24.0,43.0,1440.0,821.0,OTRO,1,1,CORROSION,0,502830.0,3007.0,0
2016,19570,36.0,55.0,780.0,542.6,ASFALTO,1,0,FALLA DE MATERIAL O SOLDADURA,0,227394.0,0.5,0
2016,32379,10.0,42.0,500.0,325.0,CINTA FRIA,2,0,DANO POR EXCAVACION,0,110907.0,2888.0,0
2016,31728,6.0,85.0,606.0,450.0,ALQUITRAN,1,0,CORROSION,0,83139.0,2923.0,0
2016,6141,8.0,40.0,720.0,450.0,ALQUITRAN,1,0,DANO POR EXCAVACION,0,27340.0,4907.0,0
2016,31451,24.0,64.0,676.0,650.0,ASFALTO,1,0,DANO POR EXCAVACION,0,50672.0,1395.0,0
2016,13750,3.5,55.0,950.0,883.0,ALQUITRAN,1,0,DANO POR EXCAVACION,0,313351.0,7376.0,0
2016,602,10.0,88.0,500.0,460.0,SIN RECUBRIMIENTO,2,0,CORROSION,0,134157.0,130.0,0
2016,32513,10.0,54.0,850.0,600.0,ALQUITRAN,3,0,DANO POR EXCAVACION,1,2320113.0,1305.0,0
2016,13750,3.5,50.0,950.0,800.0,OTRO,1,0,DANO POR EXCAVACION,0,111420.0,6172.0,0
2016,19235,30.0,35.0,1050.0,1039.0,OTRO,1,0,CORROSION,1,3722249.0,208425.0,1
2016,13750,2.375,62.0,800.0,746.0,ALQUITRAN,1,0,DANO POR EXCAVACION,0,65039.0,340.0,0
2016,31470,16.0,53.0,480.0,309.0,ALQUITRAN,1,0,DANO POR EXCAVACION,0,110173.0,9701.0,0
2016,31594,16.0,0.0,975.0,850.0,OTRO,1,0,FALLA DE EQUIPO,0,1706.0,738.0,0
2016,31728,16.0,92.0,302.0,160.0,ASFALTO,1,0,CORROSION,0,173206.0,714.0,0
2016,15007,12.0,44.0,890.0,857.0,CINTA FRIA,1,0,FALLA DE MATERIAL O SOLDADURA,0,1171689.0,129000.0,0
2016,19235,16.0,40.0,1440.0,681.0,OTRO,1,1,CORROSION,0,1036239.0,1676.0,0
2016,31711,6.0,47.0,500.0,350.0,ALQUITRAN,1,0,FUERZA NATURAL,0,239966.0,1005.0,0
2016,19235,16.0,40.0,1440.0,680.0,OTRO,1,1,CORROSION,0,563071.0,200.0,0
2016,405,36.0,43.0,858.0,756.0,ALQUITRAN,1,0,FALLA DE MATERIAL O SOLDADURA,0,453661.0,100.0,0
2016,19270,20.0,69.0,810.0,791.0,ALQUITRAN,1,0,CORROSION,0,521022.0,23728.0,1
2016,15007,10.75,79.0,796.0,650.0,ASFALTO,1,0,DANO POR EXCAVACION,0,238802.0,12398.0,0
2016,31286,12.0,67.0,800.0,700.0,ALQUITRAN,1,0,OTRA FUERZA EXTERNA,0,57995.0,10611.0,0
2016,13750,26.0,53.0,520.0,476.0,SIN RECUBRIMIENTO,1,0,CORROSION,0,237627.0,60.0,1
2016,19235,16.0,41.0,1440.0,829.0,OTRO,1,1,CORROSION,0,1600888.0,571.0,0
2016,32099,12.75,37.0,938.0,606.0,ALQUITRAN,1,0,DANO POR EXCAVACION,0,52421.0,63.0,0
2016,18516,20.0,39.0,1200.0,1170.0,ALQUITRAN,1,0,FALLA DE MATERIAL O SOLDADURA,0,349129.0,79937.0,0
2016,15518,3.0,57.0,718.0,470.0,ALQUITRAN,3,0,DANO POR EXCAVACION,0,110982.0,1272.88,0
2016,30782,12.0,49.0,1100.0,800.0,OTRO,1,0,CORROSION,0,139189.0,10.0,0
2016,38987,16.0,37.0,1250.0,776.0,OTRO,1,1,CORROSION,0,200502.0,541.0,0
2016,2620,16.0,62.0,877.0,32.0,OTRO,1,0,CORROSION,0,1659157.0,982.0,0
2016,15007,12.0,54.0,400.0,380.0,ASFALTO,3,0,DANO POR EXCAVACION,0,110893.0,3500.0,0
2016,14210,8.625,68.0,255.0,231.0,ALQUITRAN,2,0,DANO POR EXCAVACION,0,97063.0,6431.0,0
2017,4280,30.0,48.0,1080.0,950.0,ALQUITRAN,1,0,CORROSION,1,136616.0,3764.0,0
2017,38987,16.0,38.0,1250.0,250.0,OTRO,1,1,CORROSION,0,118947.0,2037.0,0
2017,39519,10.0,11.0,1300.0,705.0,OTRO,1,1,CORROSION,0,115282.0,555.0,0
2017,32645,8.0,52.0,695.0,195.0,OTRO,1,0,FUERZA NATURAL,0,8722429.0,500.0,0
2017,2616,30.0,48.0,1000.0,790.0,OTRO,2,0,FALLA DE MATERIAL O SOLDADURA,0,771277.0,15024.0,0
2017,4900,36.0,53.0,1004.0,802.0,ASFALTO,1,0,CORROSION,1,1227157.0,138587.0,0
2017,15007,8.0,45.0,720.0,400.0,CINTA FRIA,2,0,FALLA DE MATERIAL O SOLDADURA,0,443835.0,3995.0,0
2017,18152,18.0,45.0,1200.0,753.0,ALQUITRAN,1,1,CORROSION,0,314972.0,2110.0,0
2017,32296,12.0,47.0,1240.0,174.0,OTRO,1,1,CORROSION,0,141594.0,600.0,0
2017,2564,16.0,50.0,1000.0,783.0,CINTA FRIA,1,0,FALLA DE MATERIAL O SOLDADURA,0,56414.0,4600.0,0
2017,31618,8.0,38.0,1324.0,755.0,ALQUITRAN,2,0,OTRA CAUSA,0,61741.0,4.62,0
2017,19570,10.0,54.0,1440.0,697.0,OTRO,1,1,CORROSION,0,155920.0,72.0,0
2017,12696,12.0,58.0,900.0,750.0,OTRO,1,0,OTRA CAUSA,0,131182.0,21000.0,0
2017,32005,8.0,59.0,720.0,452.0,ALQUITRAN,1,0,CORROSION,0,43101.0,5873.0,0
2017,1217,8.0,36.0,3255.0,2435.0,ALQUITRAN,1,0,CORROSION,0,66235.0,1765.0,1
2017,19235,20.0,46.0,1440.0,761.0,OTRO,1,1,CORROSION,0,708643.0,105.0,0
2017,18152,12.75,44.0,1306.0,1000.0,OTRO,1,1,CORROSION,0,631797.0,300.0,0
2017,19570,8.0,47.0,1440.0,900.0,OTRO,1,1,CORROSION,0,325998.0,218.0,0
2017,15931,8.625,56.0,915.0,530.0,CINTA FRIA,1,0,DANO POR EXCAVACION,0,111876.0,2951.0,0
2017,2616,6.0,50.0,210.0,112.0,ALQUITRAN,1,0,OPERACION INCORRECTA,0,168431.0,10453.0,0
2017,32296,12.0,47.0,1240.0,34.0,OTRO,1,1,CORROSION,0,68085.0,300.0,0
2017,31728,12.0,65.0,1440.0,716.0,OTRO,1,0,FALLA DE MATERIAL O SOLDADURA,0,498038.0,24.0,0
2017,13750,16.0,52.0,945.0,870.0,CINTA FRIA,1,0,FALLA DE MATERIAL O SOLDADURA,0,1084911.0,10.0,0
2017,15007,16.0,51.0,412.0,388.0,ASFALTO,1,0,DANO POR EXCAVACION,0,81475.0,6.1,0
2017,602,10.0,75.0,420.0,335.0,ASFALTO,1,0,CORROSION,0,207810.0,3695.0,0
2017,19570,10.0,54.0,1440.0,526.0,ALQUITRAN,1,1,CORROSION,0,95222.0,709.0,0
2014,32557,8.0,73.0,870.0,565.0,ASFALTO,1,0,DANO POR EXCAVACION,0,2912938.0,1563.0,0
2017,19570,10.0,54.0,1440.0,526.0,ALQUITRAN,1,1,CORROSION,0,93941.0,237.0,0
2017,19570,16.0,34.0,1440.0,750.0,ASFALTO,1,1,CORROSION,0,154129.0,115.0,0
2017,19160,24.0,62.0,1170.0,973.0,ALQUITRAN,2,0,DANO POR EXCAVACION,0,83198.0,9242.0,0
2017,18484,30.0,60.0,936.0,907.0,ALQUITRAN,1,0,CORROSION,1,3498449.0,29500.0,0
2017,13120,26.0,70.0,712.0,489.0,ALQUITRAN,1,0,CORROSION,0,107584.0,1488.0,0
2017,18152,12.0,44.0,1306.0,800.0,OTRO,1,1,CORROSION,0,415203.0,300.0,0
2017,26330,20.0,37.0,1200.0,750.0,OTRO,1,0,FALLA DE MATERIAL O SOLDADURA,1,668676.0,10000.0,0
2017,2714,6.0,40.0,1050.0,995.0,OTRO,1,0,FALLA DE MATERIAL O SOLDADURA,0,96209.0,36067.0,0
2017,38987,12.75,39.0,1250.0,884.0,OTRO,1,1,CORROSION,0,406478.0,411.0,0
2017,18152,12.0,44.0,1306.0,754.0,OTRO,1,1,CORROSION,0,299176.0,300.0,0
2017,2748,12.0,37.0,300.0,250.0,SIN RECUBRIMIENTO,3,0,OTRA FUERZA EXTERNA,0,115693.0,332.0,0
2017,31978,12.0,60.0,500.0,340.0,ALQUITRAN,1,0,DANO POR EXCAVACION,0,82539.0,4537.0,0
2017,2748,22.0,66.0,790.0,607.0,OTRO,2,0,FALLA DE MATERIAL O SOLDADURA,1,7617083.0,341152.0,0
2017,19270,14.0,68.0,1050.0,796.0,ALQUITRAN,1,0,FALLA DE MATERIAL O SOLDADURA,0,118116.0,21608.0,0
2017,13120,20.0,76.0,800.0,706.0,OTRO,1,0,DANO POR EXCAVACION,1,1046143.0,12972.0,0
2017,19570,16.0,34.0,1440.0,738.0,ASFALTO,1,1,CORROSION,0,148184.0,53.5,0
2017,19570,16.0,34.0,1440.0,738.0,ASFALTO,1,1,CORROSION,0,148184.0,53.5,0
2017,19270,20.0,70.0,810.0,740.0,ALQUITRAN,1,0,CORROSION,0,179855.0,129.0,1
2018,18484,22.0,53.0,955.0,943.0,ALQUITRAN,3,0,FUERZA NATURAL,1,7305564.0,12820.0,0
2018,19160,24.0,74.0,750.0,690.0,ALQUITRAN,2,0,FALLA DE MATERIAL O SOLDADURA,0,262713.0,4030.0,0
2018,180,12.0,59.0,550.0,415.0,ALQUITRAN,3,0,DANO POR EXCAVACION,0,78047.0,1090.725,0
2018,3,16.0,53.0,975.0,692.0,ALQUITRAN,1,0,CORROSION,1,855721.0,17000.0,0
2018,32163,24.0,4.0,1444.0,1297.0,OTRO,1,0,FUERZA NATURAL,1,4380257.0,23500.0,0
2018,15518,4.0,66.0,720.0,600.0,ALQUITRAN,3,0,OTRA CAUSA,0,224638.0,0.0,0
2018,22435,6.625,43.0,1015.0,450.0,ALQUITRAN,3,0,DANO POR EXCAVACION,0,47752.0,50.0,0
2018,19610,36.0,13.0,1202.0,874.0,OTRO,1,0,FALLA DE MATERIAL O SOLDADURA,0,190702.0,1047.0,0
2018,18112,20.0,60.0,400.0,320.0,OTRO,3,0,DANO POR EXCAVACION,0,435118.0,1324.0,0
2017,2616,10.0,63.0,180.0,75.0,SIN RECUBRIMIENTO,2,0,CORROSION,0,465350.0,1486.0,1
2018,2704,30.0,5.0,350.0,478.0,OTRO,4,0,OPERACION INCORRECTA,0,0.0,0.0,0
2018,2616,6.0,37.0,125.0,100.0,OTRO,1,0,FUERZA NATURAL,0,1460752.0,8204.0,0
2018,39352,20.0,30.0,1440.0,450.0,OTRO,1,1,DANO POR EXCAVACION,1,6187073.0,12680.0,0
2018,19610,30.0,49.0,1051.0,785.0,CINTA FRIA,1,0,DANO POR EXCAVACION,0,392368.0,13090.0,0
2018,4070,12.75,68.0,787.0,500.0,ALQUITRAN,1,0,CORROSION,0,271882.0,3.0,0
2018,602,12.0,64.0,901.0,756.0,ALQUITRAN,1,0,DANO POR EXCAVACION,0,131672.0,21700.0,0
2018,31286,12.75,58.0,840.0,749.0,ALQUITRAN,1,0,DANO POR EXCAVACION,0,76189.0,15348.0,0
2018,32231,16.0,67.0,808.0,813.0,ALQUITRAN,3,0,DANO POR EXCAVACION,0,460112.0,20017.851,0
2018,2616,36.0,1.0,1440.0,1280.0,OTRO,1,0,FUERZA NATURAL,1,21535313.0,165000.0,0
2018,13120,36.0,60.0,712.0,650.0,ASFALTO,1,0,FALLA DE MATERIAL O SOLDADURA,0,176609.0,252.0,0
2018,31711,26.0,70.0,899.0,837.0,ALQUITRAN,1,0,FALLA DE MATERIAL O SOLDADURA,1,640509.0,38450.0,0
2018,32099,8.0,52.0,720.0,660.0,CINTA FRIA,1,0,DANO POR EXCAVACION,0,24345.0,4000.0,0
2018,3,7.0,78.0,366.0,330.0,ALQUITRAN,1,0,DANO POR EXCAVACION,0,71221.0,15000.0,0
2018,18152,12.75,45.0,1306.0,930.0,OTRO,1,1,CORROSION,0,296236.0,300.0,0
2018,12642,10.0,43.0,720.0,650.0,ALQUITRAN,1,0,OTRA FUERZA EXTERNA,1,315891.0,103.0,0
2018,19570,16.0,35.0,1440.0,606.0,ASFALTO,1,1,CORROSION,0,2061689.0,48.0,0
2018,4900,8.625,41.0,1318.0,764.0,ALQUITRAN,1,0,DANO POR EXCAVACION,0,61880.0,6270.0,0
2018,4280,12.0,65.0,855.0,765.0,ALQUITRAN,1,0,OTRA FUERZA EXTERNA,1,99822.0,1119.0,0
2018,19570,36.0,50.0,995.0,760.0,ASFALTO,1,0,FALLA DE MATERIAL O SOLDADURA,0,7196018.0,0.0,0
2018,31711,26.0,75.0,765.0,750.0,ALQUITRAN,1,0,FALLA DE MATERIAL O SOLDADURA,0,418812.0,81600.0,0
2017,18484,26.0,86.0,400.0,384.0,ASFALTO,1,0,DANO POR EXCAVACION,0,313125.0,2000.0,0
2018,18152,12.75,45.0,1306.0,920.0,OTRO,1,1,CORROSION,0,324521.0,300.0,0
2018,32099,24.0,0.0,1440.0,813.0,OTRO,3,0,FUERZA NATURAL,1,7403537.0,40000.0,0
2018,2616,8.0,112.0,70.0,65.0,SIN RECUBRIMIENTO,3,0,FUERZA NATURAL,0,4103956.0,54.83,0
2018,26330,16.0,46.0,960.0,750.0,ALQUITRAN,1,0,DANO POR EXCAVACION,0,52152.0,4200.0,0
2018,18516,20.0,60.0,1100.0,26.0,ALQUITRAN,1,0,DANO POR EXCAVACION,0,2394438.0,474.0,0
2018,26330,12.0,58.0,668.0,400.0,ALQUITRAN,1,0,DANO POR EXCAVACION,0,111400.0,5100.0,0
2018,19160,24.0,69.0,750.0,719.0,ALQUITRAN,1,0,CORROSION,0,385623.0,201.4,0
2018,32099,16.0,54.0,1170.0,1140.0,ALQUITRAN,1,0,CORROSION,1,855996.0,213570.0,0
2018,39730,4.0,1.0,1480.0,350.0,OTRO,3,0,DANO POR EXCAVACION,0,79195.0,49.251,0
2018,405,12.0,62.0,1050.0,796.0,ALQUITRAN,1,0,FALLA DE MATERIAL O SOLDADURA,0,172017.0,1.0,0
2018,13750,10.75,68.0,500.0,425.0,CINTA FRIA,1,0,DANO POR EXCAVACION,0,132464.0,7000.0,0
2018,12874,20.0,38.0,918.0,780.0,CINTA FRIA,1,0,CORROSION,0,631676.0,48855.0,0
2018,2564,20.0,52.0,820.0,500.0,ALQUITRAN,3,0,DANO POR EXCAVACION,0,62272.0,5962.0,0
2018,31348,12.0,68.0,470.0,356.0,ALQUITRAN,3,0,DANO POR EXCAVACION,0,94766.0,25.0,0
2018,4070,22.0,69.0,773.0,756.0,ALQUITRAN,2,0,FALLA DE MATERIAL O SOLDADURA,0,3300663.0,46436.0,0
2018,602,4.0,55.0,500.0,120.0,OTRO,2,0,FUERZA NATURAL,0,181188.0,200.0,0
2019,602,4.0,66.0,250.0,220.0,ALQUITRAN,1,0,FALLA DE MATERIAL O SOLDADURA,0,188426.0,5.0,0
2019,13750,6.625,87.0,500.0,536.0,SIN RECUBRIMIENTO,1,0,FALLA DE MATERIAL O SOLDADURA,0,48128.0,5316.0,0
2019,31604,12.0,4.0,1200.0,701.0,OTRO,1,0,FUERZA NATURAL,0,79898.0,17812.0,0
2019,19235,30.0,67.0,936.0,803.0,ALQUITRAN,1,0,FUERZA NATURAL,1,22125407.0,74768.0,0
2019,19160,24.0,75.0,750.0,716.0,ALQUITRAN,1,0,FALLA DE MATERIAL O SOLDADURA,0,119804.0,1269.0,0
2019,32005,6.0,79.0,500.0,410.0,OTRO,1,0,CORROSION,0,137334.0,1.0,0
2019,15105,30.0,57.0,900.0,888.0,OTRO,1,0,FALLA DE MATERIAL O SOLDADURA,1,1523070.0,90006.0,0
2019,32595,20.0,66.0,1072.0,800.0,OTRO,1,1,FALLA DE MATERIAL O SOLDADURA,0,829712.0,9094.533,0
2019,5304,18.0,60.0,288.0,269.0,OTRO,3,0,DANO POR EXCAVACION,0,270974.0,5017.0,0
2019,19570,20.0,47.0,1440.0,660.0,OTRO,1,1,CORROSION,0,366728.0,336.0,0
2019,2616,18.0,68.0,639.0,380.0,ALQUITRAN,3,0,CORROSION,0,863995.0,33.49,0
2018,31023,10.0,35.0,390.0,260.0,OTRO,3,0,CORROSION,0,2233089.0,1700.0,0
2019,15007,6.0,57.0,150.0,130.0,ASFALTO,3,0,FALLA DE MATERIAL O SOLDADURA,0,209982.0,25.2,0
2019,19270,26.0,67.0,840.0,660.0,ALQUITRAN,1,0,FALLA DE MATERIAL O SOLDADURA,0,78535.0,0.1,0
2019,31348,4.0,28.0,300.0,240.0,OTRO,1,0,DANO POR EXCAVACION,0,363292.0,62.4,0
2019,32645,8.0,54.0,499.0,195.0,ALQUITRAN,1,0,CORROSION,0,1561090.0,1.6,1
2019,20044,10.0,27.0,1100.0,800.0,OTRO,1,0,FUERZA NATURAL,0,521324.0,65.4,0
2019,602,30.0,46.0,1000.0,962.0,ASFALTO,1,0,FALLA DE MATERIAL O SOLDADURA,0,5179249.0,51886.0,0
2019,31728,16.0,95.0,292.0,155.0,ASFALTO,1,0,CORROSION,0,57238.0,0.1,0
2019,2616,6.0,37.0,50.0,32.0,OTRO,2,0,CORROSION,1,1878242.0,2400.0,1
2018,4060,20.0,49.0,260.0,144.0,ALQUITRAN,3,0,DANO POR EXCAVACION,0,68736.0,2119.0,0
2019,19270,12.0,69.0,914.0,683.0,ALQUITRAN,1,0,OTRA CAUSA,0,1505416.0,19105.0,0
2019,2616,2.375,64.0,175.0,167.0,SIN RECUBRIMIENTO,1,0,CORROSION,0,312965.0,361.0,1
2019,12408,16.0,51.0,913.0,495.0,OTRO,1,0,CORROSION,0,195469.0,2186.0,0
2019,2616,6.0,24.0,720.0,450.0,OTRO,1,0,DANO POR EXCAVACION,0,322503.0,10969.5,0
2019,39352,30.0,42.0,1440.0,745.0,ASFALTO,1,1,CORROSION,0,1051516.0,5225.0,1
2019,19235,16.0,44.0,1440.0,670.0,OTRO,1,1,CORROSION,0,546267.0,571.0,0
2019,1217,8.0,38.0,3100.0,2267.0,ALQUITRAN,1,0,CORROSION,0,95558.0,154.08,0
2019,26330,20.0,49.0,780.0,750.0,ALQUITRAN,1,0,FALLA DE MATERIAL O SOLDADURA,0,332218.0,23516.0,0
2019,19235,30.0,67.0,936.0,806.0,ALQUITRAN,1,0,FALLA DE MATERIAL O SOLDADURA,0,526750.0,45.0,0
2019,32099,8.625,55.0,300.0,260.0,CINTA FRIA,1,0,DANO POR EXCAVACION,0,49113.0,340.0,0
2019,19235,30.0,61.0,936.0,925.0,ALQUITRAN,2,0,OTRA CAUSA,1,20246447.0,101485.0,0
2019,13710,10.75,53.0,600.0,375.0,ALQUITRAN,2,0,DANO POR EXCAVACION,0,463884.0,8125.0,0
2019,13120,20.0,54.0,1000.0,879.0,ASFALTO,1,0,CORROSION,0,293744.0,30663.0,0
2019,32005,36.0,40.0,1001.0,811.0,OTRO,1,0,CORROSION,0,393163.0,4688.0,0
2019,31286,12.0,58.0,565.0,535.0,ALQUITRAN,1,0,DANO POR EXCAVACION,0,95682.0,11683.0,0
2019,18152,24.0,49.0,1250.0,850.0,OTRO,1,1,CORROSION,0,487046.0,0.0,0
2019,39352,30.0,42.0,1440.0,840.0,ASFALTO,1,1,CORROSION,0,739291.0,5500.0,0
2019,1217,3.0,40.0,3100.0,2449.0,OTRO,1,0,CORROSION,0,219946.0,28779.0,0
2019,18152,10.0,23.0,1200.0,939.0,OTRO,1,1,CORROSION,0,252254.0,1000.0,0
2019,19570,16.0,55.0,780.0,600.0,ALQUITRAN,1,0,FALLA DE MATERIAL O SOLDADURA,0,67801.0,730.0,0
2019,19570,16.0,55.0,780.0,600.0,ALQUITRAN,3,0,FALLA DE MATERIAL O SOLDADURA,0,67801.0,50.0,0
2019,14435,10.0,26.0,1480.0,1164.0,OTRO,1,0,DANO POR EXCAVACION,0,4057459.0,10792.0,0
2019,207,8.0,43.0,685.0,582.0,CINTA FRIA,3,0,DANO POR EXCAVACION,0,102496.0,348.0,0
2019,19570,42.0,2.0,780.0,635.0,OTRO,1,0,FALLA DE MATERIAL O SOLDADURA,0,576975.0,1226.0,0
2019,12576,18.0,69.0,855.0,649.0,ALQUITRAN,1,0,FALLA DE MATERIAL O SOLDADURA,0,132086.0,22213.0,0
2019,13750,2.375,65.0,800.0,655.0,ALQUITRAN,1,0,DANO POR EXCAVACION,0,44170.0,154.0,0
2019,31424,8.0,57.0,998.0,750.0,ALQUITRAN,1,0,FUERZA NATURAL,0,102952.0,10000.0,0
2020,32166,16.0,6.0,1216.0,880.0,OTRO,1,0,FALLA DE MATERIAL O SOLDADURA,0,64318.0,1078.0,0
2020,15518,12.0,28.0,477.0,477.0,OTRO,1,0,OPERACION INCORRECTA,0,638745.0,0.5,0
2020,2748,12.0,64.0,400.0,382.0,OTRO,3,0,CORROSION,0,64275.0,2220.0,1
2020,2616,10.0,48.0,936.0,702.0,ALQUITRAN,2,0,CORROSION,0,1522619.0,232.6,0
2020,9171,20.0,30.0,240.0,55.0,OTRO,3,0,CORROSION,1,3377802.0,2598.0,0
2020,4900,8.625,70.0,795.0,744.0,ALQUITRAN,1,0,FALLA DE MATERIAL O SOLDADURA,0,97897.0,22240.0,0
2020,19270,20.0,71.0,931.0,690.0,ALQUITRAN,2,0,FALLA DE MATERIAL O SOLDADURA,0,93255.0,1.0,0
2020,602,16.0,70.0,250.0,225.0,OTRO,1,0,CORROSION,0,453240.0,157000.0,1
2020,2616,8.0,30.0,1000.0,600.0,OTRO,1,0,CORROSION,0,301782.0,15900.0,0
2020,2616,6.0,66.0,280.0,185.0,SIN RECUBRIMIENTO,1,0,CORROSION,0,2318201.0,8538.0,0
2020,32626,12.0,71.0,500.0,460.0,ALQUITRAN,1,0,CORROSION,0,237004.0,148.129,1
2020,4060,30.0,55.0,820.0,733.0,ALQUITRAN,1,0,DANO POR EXCAVACION,0,975704.0,4780.0,0
2020,32005,8.0,46.0,720.0,347.0,ALQUITRAN,1,0,OTRA CAUSA,0,999592.0,11600.0,0
2020,31618,20.0,71.0,612.0,505.0,ALQUITRAN,2,0,FALLA DE MATERIAL O SOLDADURA,0,158103.0,30300.0,0
2020,31994,24.0,23.0,1480.0,670.0,OTRO,1,1,CORROSION,0,273697.0,132.409,0
2020,31728,14.0,96.0,292.0,150.0,ASFALTO,1,0,FALLA DE MATERIAL O SOLDADURA,0,63069.0,330.0,0
2020,602,4.0,63.0,310.0,295.0,ALQUITRAN,3,0,FALLA DE MATERIAL O SOLDADURA,0,126617.0,200.0,0
2020,19235,30.0,68.0,936.0,674.0,ALQUITRAN,1,0,FUERZA NATURAL,1,12231840.0,51684.0,0
2020,18484,16.0,56.0,718.0,610.0,ALQUITRAN,1,0,DANO POR EXCAVACION,0,1655101.0,8230.0,0
2020,19160,30.0,61.0,1000.0,814.0,OTRO,1,0,OTRA CAUSA,0,434644.0,448.0,0
2020,2616,2.0,34.0,225.0,130.0,OTRO,3,0,OTRA FUERZA EXTERNA,0,599349.0,2920.0,0
2020,18152,26.0,50.0,1250.0,775.0,OTRO,1,1,CORROSION,0,320773.0,354.0,0
2020,2879,6.0,20.0,989.0,550.0,OTRO,3,0,DANO POR EXCAVACION,0,92018.0,869.0,0
2020,31225,3.5,8.0,340.0,160.0,OTRO,3,0,OTRA FUERZA EXTERNA,1,130527.0,5153.0,0
2020,13845,22.0,65.0,850.0,383.0,ASFALTO,1,0,CORROSION,0,620995.0,2462.0,1
2020,32099,16.0,62.0,880.0,665.0,ALQUITRAN,1,0,DANO POR EXCAVACION,0,67881.0,9.0,0
2020,18152,10.0,24.0,1200.0,939.0,OTRO,1,1,CORROSION,0,240424.0,1488.0,0
2020,13845,22.0,65.0,850.0,1.5,ASFALTO,1,0,CORROSION,0,205253.0,821.0,1
2020,15359,6.0,67.0,400.0,250.0,CINTA FRIA,1,0,DANO POR EXCAVACION,0,39096.0,3841.0,0
2020,13750,2.375,89.0,380.0,238.0,SIN RECUBRIMIENTO,1,0,CORROSION,0,28664.0,4800.0,1
2020,2616,6.0,87.0,93.0,70.0,SIN RECUBRIMIENTO,1,0,CORROSION,1,306555.0,300.0,1
2020,2616,6.0,54.0,273.0,250.0,OTRO,1,0,OTRA FUERZA EXTERNA,0,124454.0,174.0,0
2020,31728,6.0,89.0,447.0,390.0,ALQUITRAN,2,0,CORROSION,0,290896.0,66.0,1
2020,4280,30.0,67.0,820.0,570.0,ALQUITRAN,1,0,OTRA FUERZA EXTERNA,1,861923.0,20747.0,0
2020,15007,8.0,52.0,610.0,420.0,ASFALTO,3,0,OPERACION INCORRECTA,1,120429.0,25.0,0
2020,19270,4.0,69.0,1100.0,824.0,ALQUITRAN,1,0,FALLA DE MATERIAL O SOLDADURA,0,76766.0,5218.0,0
2020,3,12.0,56.0,909.0,883.0,ALQUITRAN,1,0,CORROSION,0,724521.0,12000.0,0
2020,5304,12.0,61.0,713.0,695.0,CINTA FRIA,1,0,FALLA DE MATERIAL O SOLDADURA,1,2215117.0,22000.0,0
2020,13845,22.0,65.0,850.0,591.0,ASFALTO,1,0,CORROSION,0,217164.0,123.2,1
2020,13120,20.0,55.0,1000.0,964.0,ASFALTO,1,0,CORROSION,0,243120.0,31757.0,0
2020,5304,18.0,61.0,866.0,846.0,CINTA FRIA,3,0,FALLA DE MATERIAL O SOLDADURA,0,1605871.0,12000.0,0
2020,31451,24.0,38.0,1032.0,926.0,ALQUITRAN,1,0,FUERZA NATURAL,0,3819288.0,118724.0,0
2020,40069,24.0,43.0,1250.0,720.0,OTRO,1,1,FUERZA NATURAL,0,243593.0,63214.0,0
2020,13750,16.0,55.0,945.0,782.0,CINTA FRIA,1,0,FALLA DE MATERIAL O SOLDADURA,0,916865.0,1958.0,0
2020,18152,20.0,43.0,984.0,704.0,OTRO,1,1,CORROSION,0,114545.0,3563.0,0
2020,31159,4.5,67.0,459.0,350.0,ALQUITRAN,1,0,DANO POR EXCAVACION,0,178744.0,617.4,0
2020,2616,4.0,72.0,1280.0,1117.0,SIN RECUBRIMIENTO,1,0,CORROSION,0,585684.0,7687.2,1
2020,38987,16.0,29.0,1250.0,760.0,OTRO,1,1,CORROSION,0,297055.0,636.0,0
2020,4900,12.75,32.0,819.0,669.0,OTRO,1,0,CORROSION,0,115299.0,104.0,0
2020,19570,20.0,58.0,1168.0,730.0,ALQUITRAN,1,0,CORROSION,0,61249.0,0.1,0
2020,15518,10.0,18.0,800.0,400.0,OTRO,3,0,DANO POR EXCAVACION,0,7251592.0,4000.0,0
2020,602,16.0,73.0,300.0,276.0,OTRO,1,0,FALLA DE MATERIAL O SOLDADURA,0,194682.0,22575.0,0
2020,13750,24.0,59.0,800.0,745.0,ALQUITRAN,1,0,DANO POR EXCAVACION,1,174913.0,8180.0,0
2021,31978,1.25,68.0,800.0,650.0,ALQUITRAN,1,0,DANO POR EXCAVACION,0,171353.0,1667.5,0
2021,31618,16.0,24.0,250.0,85.0,OTRO,2,0,FALLA DE MATERIAL O SOLDADURA,0,86139.0,587.0,0
2021,31202,6.0,17.0,1000.0,675.0,OTRO,1,0,CORROSION,0,60581.0,2.0,0
2021,15931,6.0,59.0,790.0,690.0,ALQUITRAN,1,0,DANO POR EXCAVACION,0,106650.0,275.0,0
2021,19160,24.0,77.0,750.0,720.0,ALQUITRAN,1,0,FALLA DE MATERIAL O SOLDADURA,0,452149.0,56902.0,0
2021,40139,22.0,52.0,1440.0,600.0,ALQUITRAN,1,1,OTRA CAUSA,0,1025167.0,50.0,0
2021,31711,10.0,30.0,400.0,350.0,CINTA FRIA,3,0,OPERACION INCORRECTA,0,791811.0,76.0,0
2021,31728,8.0,90.0,165.0,148.0,OTRO,2,0,FALLA DE EQUIPO,0,575064.0,1.0,0
2021,602,3.0,93.0,120.0,100.0,ALQUITRAN,2,0,DANO POR EXCAVACION,0,84140.0,6736.0,0
2021,13750,4.5,89.0,400.0,293.0,SIN RECUBRIMIENTO,1,0,CORROSION,0,122380.0,10.0,1
2021,32645,8.0,56.0,499.0,200.0,OTRO,1,1,FALLA DE MATERIAL O SOLDADURA,0,2071571.0,2619.0,0
2021,40069,30.0,46.0,1200.0,350.0,OTRO,1,1,CORROSION,0,519689.0,10652.0,0
2021,15007,4.0,42.0,795.0,603.0,SIN RECUBRIMIENTO,1,0,DANO POR EXCAVACION,0,123500.0,500.0,0
2021,22182,22.0,71.0,300.0,176.0,ALQUITRAN,3,0,DANO POR EXCAVACION,0,124940.0,9184.0,0
2021,40069,30.0,46.0,1200.0,350.0,OTRO,1,1,CORROSION,0,496342.0,703.5,0
2021,40069,30.0,46.0,1200.0,350.0,OTRO,1,1,CORROSION,0,885304.0,20000.0,0
2021,19570,20.0,49.0,1440.0,709.0,OTRO,1,1,CORROSION,0,301754.0,2630.0,0
2021,19160,24.0,70.0,760.0,659.0,ALQUITRAN,1,0,FALLA DE MATERIAL O SOLDADURA,0,657366.0,9162.0,0
2021,6690,8.0,55.0,730.0,638.0,ALQUITRAN,2,0,DANO POR EXCAVACION,0,194359.0,8082.0,0
2021,19235,24.0,33.0,1440.0,944.0,OTRO,1,1,CORROSION,0,602640.0,12460.0,0
2021,22655,12.0,71.0,800.0,482.0,ALQUITRAN,1,0,DANO POR EXCAVACION,0,43565.0,4757.0,0
2021,13750,30.0,55.0,991.0,958.0,ALQUITRAN,1,0,CORROSION,1,860396.0,197700.0,1
2021,4280,30.0,35.0,944.0,863.0,OTRO,1,0,OTRA CAUSA,1,932284.0,202996.0,0
2021,13120,24.0,61.0,720.0,655.0,ASFALTO,1,0,DANO POR EXCAVACION,0,267049.0,18741.0,0
2021,32099,42.0,16.0,1160.0,916.0,OTRO,1,0,DANO POR EXCAVACION,0,618366.0,6.519,0
2021,32513,2.0,50.0,720.0,702.67,ALQUITRAN,3,0,DANO POR EXCAVACION,0,97564.0,6421.78,0
2021,18152,12.0,48.0,1306.0,1080.0,OTRO,1,1,CORROSION,0,467879.0,300.0,0
2021,31728,6.0,90.0,557.0,530.0,ALQUITRAN,1,0,DANO POR EXCAVACION,0,33092.0,3715.0,0
2021,19270,30.0,16.0,1000.0,700.0,OTRO,1,0,CORROSION,0,355765.0,131.0,0
2021,11824,8.625,71.0,305.0,234.0,ALQUITRAN,1,0,CORROSION,0,201355.0,11163.0,0
2021,15518,12.0,62.0,885.0,502.0,ALQUITRAN,2,0,OTRA FUERZA EXTERNA,0,242397.0,532.7,0
2021,2392,20.0,61.0,375.0,320.0,ALQUITRAN,3,0,FALLA DE MATERIAL O SOLDADURA,0,3426.0,559.97,0
2021,2704,30.0,62.0,350.0,300.0,ALQUITRAN,4,0,OTRA FUERZA EXTERNA,0,192232.0,850.0,0
2021,38987,20.0,51.0,999.0,660.0,OTRO,1,1,CORROSION,0,138240.0,260.0,0
2021,40069,30.0,46.0,1200.0,930.0,OTRO,1,1,CORROSION,0,1420002.0,119739.0,0
2021,2616,24.0,24.0,1183.0,800.0,OTRO,1,0,OTRA CAUSA,0,161985.0,455.0,0
2022,15518,12.0,63.0,718.0,600.0,ALQUITRAN,3,0,DANO POR EXCAVACION,0,298194.0,264.0,0
2022,14210,8.0,28.0,680.0,530.0,OTRO,1,0,DANO POR EXCAVACION,0,136553.0,7465.91,0
2022,18152,30.0,41.0,1200.0,930.0,OTRO,1,1,CORROSION,0,500391.0,57802.0,0
2022,842,8.0,96.0,375.0,338.0,ALQUITRAN,1,0,FALLA DE MATERIAL O SOLDADURA,1,98327.0,136.0,0
2022,18516,18.0,71.0,1200.0,1169.0,ALQUITRAN,1,0,FALLA DE MATERIAL O SOLDADURA,1,1094533.0,166880.0,0
2022,15518,10.0,63.0,695.0,600.0,ALQUITRAN,1,0,DANO POR EXCAVACION,0,126527.0,999.0,0
2022,19235,24.0,69.0,973.0,901.0,ALQUITRAN,1,0,OTRA CAUSA,0,9292382.0,37070.0,0
2022,40069,30.0,47.0,1200.0,830.0,OTRO,1,1,CORROSION,0,1447438.0,33613.0,0
2022,19570,8.0,61.0,995.0,411.0,ASFALTO,1,0,CORROSION,1,249716.0,64.6,0
2022,15518,12.0,20.0,800.0,775.0,ALQUITRAN,2,0,FALLA DE EQUIPO,0,784198.0,0.1,0
2022,2748,24.0,70.0,730.0,644.0,OTRO,2,0,OTRA CAUSA,0,2212004.0,283400.0,0
